{"count":1,"self":167.2172288,"total":171.935285,"children":{"InitializeActuators":{"count":1,"self":0.0039984999999999995,"total":0.0039984999999999995,"children":null},"InitializeSensors":{"count":1,"self":0.0059974999999999994,"total":0.0059974999999999994,"children":null},"AgentSendState":{"count":8096,"self":1.997066,"total":2.0625451,"children":{"CollectObservations":{"count":1620,"self":0.0150032,"total":0.0150032,"children":null},"WriteActionMask":{"count":1620,"self":0.0090023999999999989,"total":0.0090023999999999989,"children":null},"RequestDecision":{"count":1620,"self":0.041473499999999996,"total":0.041473499999999996,"children":null}}},"DecideAction":{"count":8096,"self":2.4838687999999998,"total":2.5289048,"children":{"RayPerceptionSensor.Perceive":{"count":4860,"self":0.045036099999999996,"total":0.045036099999999996,"children":null}}},"AgentAct":{"count":8096,"self":0.11508629999999999,"total":0.11508629999999999,"children":null}},"gauges":{},"metadata":{"timer_format_version":"0.1.0","start_time_seconds":"1686920666","unity_version":"2021.3.23f1","command_line_arguments":"C:\\Program Files\\Unity\\Hub\\Editor\\2021.3.23f1\\Editor\\Unity.exe -projectpath C:\\Users\\kaich\\Desktop\\CS Portfolio\\breakout-ai -useHub -hubIPC -cloudEnvironment production","communication_protocol_version":"1.5.0","com.unity.ml-agents_version":"2.3.0-exp.4","scene_name":"BreakoutVersus","end_time_seconds":"1686920837"}}